title,company,location
Customer Service Representative,Point72,"New York, New York, United States"
Various Positions,Northern News Services,"Northwest Territories, "
Chat Suppore,OnlineJobs.PH,"à¸«à¹à¸²à¸à¸à¸±à¸à¸£, "
Junior ML Engineer,Work Force Nexus,"Remote, "
Se solicita Gestor de Cobros,Tu Empleo RD,"Santo Domingo Este, "
Administrative Assistant,aramco,"Atlanta, Atlanta, Georgia, United States"
Template,Pizza Pilgrims,"Birmingham, "
Administrative Assistant,aramco,"Cuyahoga County, Cuyahoga County, Ohio, United States"
Administrative Assistant,aramco,"Chicago, Chicago, Illinois, United States"
Administrative Assistant,aramco,"Kings County, Kings County, New York, United States"
Administrative Assistant,aramco,"Worcester County, Worcester County, Massachusetts, United States"
Administrative Assistant,aramco,"Broward County, Broward County, Florida, United States"
Administrative Assistant,aramco,"Los Angeles, Los Angeles, California, United States"
SEO Content Writer,Inspira Education,"Remote, USA"
Customer Experience Associate,Ollie,"Nashville, Nashville, Tennessee, United States"
Interdisciplinary,US Army Corps of Engineers,"Savannah, "
Atendimento ao cliente,Pluris MÃ­dia,"SÃ£o Paulo, SÃ£o Paulo, SÃ£o Paulo, Brasil"
Logistics & Operations Assistant,Valatam,
Monitorear noticias sobre panorama informativo con Ã©nfasis en migraciÃ³n,VNU SÃ©nÃ©gal/Gambie,"Greater Porlamar, "
Strategic Partnerships Director,peopleworth,"Brisbane, Brisbane, Queensland, Australia"
Medical Claims Support I,Moda Health,"Portland, "
Administrative Assistant,Somewhere,"Latin America, "
ÃQUIPEÂ MET,The Home Depot Canada,"Toronto, "
Social Media Coordinator,The Sociable Society,"Toronto, Toronto, Ontario, Canada"
Junior Human Resources Assistant,Helic & Co.,"United States, "
Paralegal,Obelisk Support,"Cambridge, Cambridge, England, United Kingdom"
Other Position,PicCollage æ¼è²¼è¶£,"å°å, "
Data Analyst,ActivTrak,"Austin, Austin, Texas, United States"
Trade Marketing &amp; Brand Activation Manager,Cloetta,"New York, New York, United States"
Copywriting Lead Freelance,eStoreLabs,"Warszawa, Warszawa, Woj. Mazowieckie, Polska"
Skilled Handyman,Red Deer Polytechnic,"Red Deer, "
Amo,Vashi Integrated Solutions,"Bhiwandi, "
ð Hiring BlueYonder Professionals PAN INDIA,Covetus,"Bengaluru, "
Localisation Linguist,DNEG,"London, London, England, United Kingdom"
Brand Strategist,Digital,"Boston, Boston, Massachusetts, United States"
Brand Strategist,Digital,"Los Angeles, Los Angeles, California, United States"
Freelance Social Media Strategist,Digital,"Boston, Boston, Massachusetts, United States"
Freelance Social Media Strategist,Digital,"Dallas, Dallas, Texas, United States"
Freelance Social Media Strategist,Digital,"New York, New York, New York, United States"
Freelance Social Media Strategist,Digital,"Los Angeles, Los Angeles, California, United States"
Sandwich artist,Subway,"Labrador City, "
Drug Discovery Analyst,CuraSenseAI,"United States, "
Administrative Assistant,The Asher House,
Trustee,Pickle,
Experienced English Speaking Freelance Recruiter,Mercier Consultancy Group,
Healthcare Admin Assistant AI Projects,CuraSenseAI,"United States, "
Cultural Research Specialist,STEM Sync AI,
Architect Retail Junior,LUV,"Barcelona, "
Research Analyst Education,AccessLex Institute,"United States, "
Human Resources Generalist,Advanced RevCycle,
Head of Customer Experience,Stars + Honey,Detroit Metropolitan Area
HR Generalist,RainFocus,"United States, "
Project Assistant,Exactus Energy,
VP of Product,CAKES body,
Client Success Analyst,Termgrid,"India, "
Online Bidder,JSR Technologies Pvt. Ltd.,"Ludhiana, "
Especialista de Soporte Service Desk Remoto Horario rotativo,Canvia,"Lima, Lima, PerÃº"
ASSISTENTE DE LOGISTICA REMOTO RESIDIR EM FORTALEZA PARA TREINAMENTO,Agrovale Transportes,"Fortaleza, Fortaleza, CearÃ¡, Brasil"
Care Specialist,Mixlab,
Pharmaceutical Research Specialist,CuraSenseAI,"United States, "
Medical Administrative Assistant,CuraSenseAI,"United States, "
Director of Technical Solutions,Triple Whale,Remote - US
Chief of Staff GM Advertising,Instacart,
Implementation Project Manager,"Intellum, Inc.",Remote
Guru Field Representative Orlando,Brooks Running,"US, Remote"
Healthcare Manager,CuraSenseAI,"Orem, "
Medical Secretary,CuraSenseAI,
Confidential Search,Chandos Construction,"Edmonton, "
Product Manager,PadSplit,"Atlanta, Atlanta, Georgia, United States"
Learning &amp; Development Specialist,HealthCorps,"Arizona, Arizona, United States"
Learning &amp; Development Specialist,HealthCorps,"Pennsylvania, Pennsylvania, United States"
Learning &amp; Development Specialist,HealthCorps,"Texas, Texas, United States"
Learning &amp; Development Specialist,HealthCorps,"Florida, Florida, United States"
test,Doctor's Recruiter.com,"Andaman and Nicobar Islands, "
Customer Experience Manager in,empact,
Customer Success Manager Senior,Orquest - Retail Smart Planning,
Civil Engineer EN 8.42,Credence,
Digital Marketing Manager Dayshift,D2B,
Program Manager Fulfillment Operations,SupplyHouse.com,Remote
Rural and Suburban Mail Carrier,Canada Post / Postes Canada,"Saint Vincent's-Saint Stephen's-Peter's River, "
Director Operations Logistics,Cloetta,"New York, New York, United States"
General Interest Application,US Mobile,"New York, "
sdf,Women Builders Council,
asdffd,Women Builders Council,
sadfsdf,Women Builders Council,
sdsfda,Women Builders Council,
E Commerce Sales Executive,FoodMe Global / Dine Palace,
Junior Software Engineer,StatusNeo,"India, "
Medical Editor,"Synchrony Group, LLC","West Chester, West Chester, Pennsylvania, United States"
Data Scientist,Why Hiring,"Canada, "
Courier,FedEx,"Kanpur, "
Auxiliar Administrativo Remoto,Empresa Confidencial,"TaboÃ£o da Serra, "
Assistente Administrativo Remoto,Empresa Confidencial,"TaboÃ£o da Serra, "
Life Coach for Students Online Role,FindTutors,"United Kingdom, "
Backend Developer,360Dialog,"Serbia, "
Junior Web Designer,INFUSE,"Baki, Baki, Jawa Tengah, Indonesia"
Territory Sales Officer,Unilever,"Lucknow, Lucknow, Uttar Pradesh, India"
Triage Paralegal,General Legal (YC26),
Virtual Data Entry,Sundayy,
Learning Project Manager,Learnlight,
